{"products":[{"id":"0.7012327409802948","qty":1}],"totalPrice":19.299999999999997}